{
  "id": "4165854",
  "name": "Fakedida",
  "font_family": "iconfont",
  "css_prefix_text": "icon-",
  "description": "",
  "glyphs": [
    {
      "icon_id": "11372728",
      "name": "眼睛",
      "font_class": "eye",
      "unicode": "e8bf",
      "unicode_decimal": 59583
    },
    {
      "icon_id": "36268013",
      "name": "clear",
      "font_class": "clear2",
      "unicode": "e64e",
      "unicode_decimal": 58958
    },
    {
      "icon_id": "11372698",
      "name": "失败",
      "font_class": "clear",
      "unicode": "e8ba",
      "unicode_decimal": 59578
    },
    {
      "icon_id": "212331",
      "name": "tag",
      "font_class": "tag",
      "unicode": "e752",
      "unicode_decimal": 59218
    },
    {
      "icon_id": "37449881",
      "name": "更多",
      "font_class": "more-vertical",
      "unicode": "e9cf",
      "unicode_decimal": 59855
    },
    {
      "icon_id": "11372639",
      "name": "爱心",
      "font_class": "heart",
      "unicode": "e8ab",
      "unicode_decimal": 59563
    },
    {
      "icon_id": "11372640",
      "name": "编辑",
      "font_class": "edit",
      "unicode": "e8ac",
      "unicode_decimal": 59564
    },
    {
      "icon_id": "11372644",
      "name": "帮助",
      "font_class": "help",
      "unicode": "e8ad",
      "unicode_decimal": 59565
    },
    {
      "icon_id": "11372648",
      "name": "成功",
      "font_class": "checked",
      "unicode": "e8ae",
      "unicode_decimal": 59566
    },
    {
      "icon_id": "11372659",
      "name": "更多",
      "font_class": "more",
      "unicode": "e8af",
      "unicode_decimal": 59567
    },
    {
      "icon_id": "11372666",
      "name": "分享",
      "font_class": "share",
      "unicode": "e8b0",
      "unicode_decimal": 59568
    },
    {
      "icon_id": "11372686",
      "name": "日历",
      "font_class": "calendar",
      "unicode": "e8b4",
      "unicode_decimal": 59572
    },
    {
      "icon_id": "11372689",
      "name": "日签",
      "font_class": "daily-check",
      "unicode": "e8b5",
      "unicode_decimal": 59573
    },
    {
      "icon_id": "11372691",
      "name": "筛选",
      "font_class": "filter",
      "unicode": "e8b6",
      "unicode_decimal": 59574
    },
    {
      "icon_id": "11372693",
      "name": "删除",
      "font_class": "shanchu",
      "unicode": "e8b7",
      "unicode_decimal": 59575
    },
    {
      "icon_id": "11372694",
      "name": "设置",
      "font_class": "setting",
      "unicode": "e8b8",
      "unicode_decimal": 59576
    },
    {
      "icon_id": "11372706",
      "name": "搜索",
      "font_class": "search",
      "unicode": "e8b9",
      "unicode_decimal": 59577
    },
    {
      "icon_id": "11372713",
      "name": "未选中",
      "font_class": "unchecked",
      "unicode": "e8bb",
      "unicode_decimal": 59579
    },
    {
      "icon_id": "11372726",
      "name": "消息中心",
      "font_class": "ring",
      "unicode": "e8be",
      "unicode_decimal": 59582
    },
    {
      "icon_id": "11372735",
      "name": "增加",
      "font_class": "plus-circle",
      "unicode": "e8c0",
      "unicode_decimal": 59584
    },
    {
      "icon_id": "11372756",
      "name": "爱心",
      "font_class": "heart-fill",
      "unicode": "e8c3",
      "unicode_decimal": 59587
    },
    {
      "icon_id": "11372757",
      "name": "成功",
      "font_class": "checked-fill",
      "unicode": "e8c4",
      "unicode_decimal": 59588
    },
    {
      "icon_id": "3067785",
      "name": "finish",
      "font_class": "completed",
      "unicode": "e601",
      "unicode_decimal": 58881
    },
    {
      "icon_id": "158975",
      "name": "file",
      "font_class": "file",
      "unicode": "e739",
      "unicode_decimal": 59193
    },
    {
      "icon_id": "11537855",
      "name": "invoices",
      "font_class": "invoices",
      "unicode": "e657",
      "unicode_decimal": 58967
    },
    {
      "icon_id": "3311465",
      "name": "add",
      "font_class": "add",
      "unicode": "e62a",
      "unicode_decimal": 58922
    },
    {
      "icon_id": "9928405",
      "name": "more",
      "font_class": "detail",
      "unicode": "e64f",
      "unicode_decimal": 58959
    },
    {
      "icon_id": "16619122",
      "name": "mail",
      "font_class": "mail",
      "unicode": "e6c8",
      "unicode_decimal": 59080
    },
    {
      "icon_id": "7008915",
      "name": "createtask",
      "font_class": "tasks",
      "unicode": "e6ef",
      "unicode_decimal": 59119
    },
    {
      "icon_id": "10132060",
      "name": "theme",
      "font_class": "theme",
      "unicode": "e618",
      "unicode_decimal": 58904
    },
    {
      "icon_id": "4579861",
      "name": "logout",
      "font_class": "logout",
      "unicode": "e955",
      "unicode_decimal": 59733
    },
    {
      "icon_id": "23784125",
      "name": "19-point",
      "font_class": "point-small",
      "unicode": "e614",
      "unicode_decimal": 58900
    },
    {
      "icon_id": "1080592",
      "name": "point",
      "font_class": "point",
      "unicode": "e642",
      "unicode_decimal": 58946
    },
    {
      "icon_id": "18226394",
      "name": "project",
      "font_class": "project",
      "unicode": "e61e",
      "unicode_decimal": 58910
    },
    {
      "icon_id": "23569306",
      "name": "折叠",
      "font_class": "fold2",
      "unicode": "e7a4",
      "unicode_decimal": 59300
    },
    {
      "icon_id": "27733519",
      "name": "折叠",
      "font_class": "fold",
      "unicode": "e6ce",
      "unicode_decimal": 59086
    },
    {
      "icon_id": "25972434",
      "name": "delete",
      "font_class": "delete",
      "unicode": "e617",
      "unicode_decimal": 58903
    },
    {
      "icon_id": "5589037",
      "name": "target",
      "font_class": "target",
      "unicode": "e62f",
      "unicode_decimal": 58927
    },
    {
      "icon_id": "13381190",
      "name": "giveUp",
      "font_class": "give-up",
      "unicode": "e63a",
      "unicode_decimal": 58938
    },
    {
      "icon_id": "36534249",
      "name": "可见",
      "font_class": "view",
      "unicode": "e628",
      "unicode_decimal": 58920
    },
    {
      "icon_id": "36534250",
      "name": "不可见",
      "font_class": "view-off",
      "unicode": "e629",
      "unicode_decimal": 58921
    },
    {
      "icon_id": "3217592",
      "name": "priority",
      "font_class": "priority",
      "unicode": "e660",
      "unicode_decimal": 58976
    },
    {
      "icon_id": "11356207",
      "name": "add",
      "font_class": "plus",
      "unicode": "e640",
      "unicode_decimal": 58944
    },
    {
      "icon_id": "5354466",
      "name": "26-Todo-List",
      "font_class": "todo-list",
      "unicode": "e638",
      "unicode_decimal": 58936
    },
    {
      "icon_id": "36643081",
      "name": "arrow-left-copy",
      "font_class": "arrow-right",
      "unicode": "e9ce",
      "unicode_decimal": 59854
    },
    {
      "icon_id": "1174195",
      "name": "arrow-left",
      "font_class": "arrow-left",
      "unicode": "e64c",
      "unicode_decimal": 58956
    },
    {
      "icon_id": "4765734",
      "name": "plus-circle",
      "font_class": "add-circle",
      "unicode": "e781",
      "unicode_decimal": 59265
    },
    {
      "icon_id": "19725674",
      "name": "Overview4",
      "font_class": "overview",
      "unicode": "e62e",
      "unicode_decimal": 58926
    },
    {
      "icon_id": "22453665",
      "name": "TODO_INFO",
      "font_class": "todo-logo",
      "unicode": "e9cb",
      "unicode_decimal": 59851
    },
    {
      "icon_id": "36568155",
      "name": "arrow-left-copy",
      "font_class": "arrow-down",
      "unicode": "e9cc",
      "unicode_decimal": 59852
    },
    {
      "icon_id": "10561809",
      "name": "Check, double check",
      "font_class": "double-check-fill",
      "unicode": "e67b",
      "unicode_decimal": 59003
    },
    {
      "icon_id": "36204180",
      "name": "Check box",
      "font_class": "check-fill",
      "unicode": "e67c",
      "unicode_decimal": 59004
    }
  ]
}
