{
  "id": "4165854",
  "name": "Fakedida",
  "font_family": "iconfont",
  "css_prefix_text": "icon-",
  "description": "",
  "glyphs": [
    {
      "icon_id": "9708983",
      "name": "TODO",
      "font_class": "todo",
      "unicode": "e981",
      "unicode_decimal": 59777
    },
    {
      "icon_id": "11372647",
      "name": "创作",
      "font_class": "chuangzuo",
      "unicode": "e8b3",
      "unicode_decimal": 59571
    },
    {
      "icon_id": "11372652",
      "name": "定位",
      "font_class": "dingwei",
      "unicode": "e8b8",
      "unicode_decimal": 59576
    },
    {
      "icon_id": "11372695",
      "name": "下载",
      "font_class": "xiazai",
      "unicode": "e8c5",
      "unicode_decimal": 59589
    },
    {
      "icon_id": "11372723",
      "name": "上传",
      "font_class": "shangchuan",
      "unicode": "e8c6",
      "unicode_decimal": 59590
    },
    {
      "icon_id": "11372711",
      "name": "图片",
      "font_class": "tupian",
      "unicode": "e8c2",
      "unicode_decimal": 59586
    },
    {
      "icon_id": "11372646",
      "name": "播放记录",
      "font_class": "bofangjilu",
      "unicode": "e8b2",
      "unicode_decimal": 59570
    },
    {
      "icon_id": "11372708",
      "name": "讨论区",
      "font_class": "taolunqu",
      "unicode": "e8c1",
      "unicode_decimal": 59585
    },
    {
      "icon_id": "11372651",
      "name": "点赞",
      "font_class": "dianzan",
      "unicode": "e8b1",
      "unicode_decimal": 59569
    },
    {
      "icon_id": "11372705",
      "name": "刷新",
      "font_class": "shuaxin",
      "unicode": "e8bc",
      "unicode_decimal": 59580
    },
    {
      "icon_id": "11372707",
      "name": "叹号",
      "font_class": "tanhao",
      "unicode": "e8bd",
      "unicode_decimal": 59581
    },
    {
      "icon_id": "12525680",
      "name": "设置",
      "font_class": "setting",
      "unicode": "e607",
      "unicode_decimal": 58887
    },
    {
      "icon_id": "15218214",
      "name": "加载",
      "font_class": "loading",
      "unicode": "e646",
      "unicode_decimal": 58950
    },
    {
      "icon_id": "11372728",
      "name": "眼睛",
      "font_class": "eye",
      "unicode": "e8bf",
      "unicode_decimal": 59583
    },
    {
      "icon_id": "36268013",
      "name": "清除",
      "font_class": "clear",
      "unicode": "e64e",
      "unicode_decimal": 58958
    },
    {
      "icon_id": "11372698",
      "name": "失败",
      "font_class": "shibai",
      "unicode": "e8ba",
      "unicode_decimal": 59578
    },
    {
      "icon_id": "212331",
      "name": "标签",
      "font_class": "tag",
      "unicode": "e752",
      "unicode_decimal": 59218
    },
    {
      "icon_id": "37449881",
      "name": "更多",
      "font_class": "more-vertical",
      "unicode": "e9cf",
      "unicode_decimal": 59855
    },
    {
      "icon_id": "11372639",
      "name": "爱心",
      "font_class": "heart",
      "unicode": "e8ab",
      "unicode_decimal": 59563
    },
    {
      "icon_id": "11372640",
      "name": "编辑",
      "font_class": "edit",
      "unicode": "e8ac",
      "unicode_decimal": 59564
    },
    {
      "icon_id": "11372644",
      "name": "帮助",
      "font_class": "help",
      "unicode": "e8ad",
      "unicode_decimal": 59565
    },
    {
      "icon_id": "11372648",
      "name": "成功",
      "font_class": "checked",
      "unicode": "e8ae",
      "unicode_decimal": 59566
    },
    {
      "icon_id": "11372659",
      "name": "更多",
      "font_class": "more",
      "unicode": "e8af",
      "unicode_decimal": 59567
    },
    {
      "icon_id": "11372666",
      "name": "分享",
      "font_class": "share",
      "unicode": "e8b0",
      "unicode_decimal": 59568
    },
    {
      "icon_id": "11372686",
      "name": "日历",
      "font_class": "calendar",
      "unicode": "e8b4",
      "unicode_decimal": 59572
    },
    {
      "icon_id": "11372689",
      "name": "日签",
      "font_class": "daily-check",
      "unicode": "e8b5",
      "unicode_decimal": 59573
    },
    {
      "icon_id": "11372691",
      "name": "筛选",
      "font_class": "filter",
      "unicode": "e8b6",
      "unicode_decimal": 59574
    },
    {
      "icon_id": "11372693",
      "name": "删除",
      "font_class": "shanchu",
      "unicode": "e8b7",
      "unicode_decimal": 59575
    },
    {
      "icon_id": "11372706",
      "name": "搜索",
      "font_class": "search",
      "unicode": "e8b9",
      "unicode_decimal": 59577
    },
    {
      "icon_id": "11372713",
      "name": "未选中",
      "font_class": "uncheck",
      "unicode": "e8bb",
      "unicode_decimal": 59579
    },
    {
      "icon_id": "11372726",
      "name": "消息中心",
      "font_class": "ring",
      "unicode": "e8be",
      "unicode_decimal": 59582
    },
    {
      "icon_id": "11372735",
      "name": "增加",
      "font_class": "plus-circle",
      "unicode": "e8c0",
      "unicode_decimal": 59584
    },
    {
      "icon_id": "11372756",
      "name": "爱心",
      "font_class": "heart-fill",
      "unicode": "e8c3",
      "unicode_decimal": 59587
    },
    {
      "icon_id": "11372757",
      "name": "成功",
      "font_class": "checked-fill",
      "unicode": "e8c4",
      "unicode_decimal": 59588
    },
    {
      "icon_id": "3067785",
      "name": "finish",
      "font_class": "completed",
      "unicode": "e601",
      "unicode_decimal": 58881
    },
    {
      "icon_id": "11537855",
      "name": "invoices",
      "font_class": "invoices",
      "unicode": "e657",
      "unicode_decimal": 58967
    },
    {
      "icon_id": "3311465",
      "name": "添加",
      "font_class": "add",
      "unicode": "e62a",
      "unicode_decimal": 58922
    },
    {
      "icon_id": "9928405",
      "name": "更多",
      "font_class": "more2",
      "unicode": "e64f",
      "unicode_decimal": 58959
    },
    {
      "icon_id": "16619122",
      "name": "邮件",
      "font_class": "mail",
      "unicode": "e6c8",
      "unicode_decimal": 59080
    },
    {
      "icon_id": "10132060",
      "name": "theme",
      "font_class": "theme",
      "unicode": "e618",
      "unicode_decimal": 58904
    },
    {
      "icon_id": "18226394",
      "name": "project",
      "font_class": "project",
      "unicode": "e61e",
      "unicode_decimal": 58910
    },
    {
      "icon_id": "5589037",
      "name": "target",
      "font_class": "target",
      "unicode": "e62f",
      "unicode_decimal": 58927
    },
    {
      "icon_id": "36534250",
      "name": "不可见",
      "font_class": "view-off",
      "unicode": "e629",
      "unicode_decimal": 58921
    },
    {
      "icon_id": "37871043",
      "name": "上",
      "font_class": "arrow-up",
      "unicode": "e9d0",
      "unicode_decimal": 59856
    },
    {
      "icon_id": "36643081",
      "name": "右",
      "font_class": "arrow-right",
      "unicode": "e9ce",
      "unicode_decimal": 59854
    },
    {
      "icon_id": "1174195",
      "name": "左",
      "font_class": "arrow-left",
      "unicode": "e64c",
      "unicode_decimal": 58956
    },
    {
      "icon_id": "19725674",
      "name": "Overview4",
      "font_class": "overview",
      "unicode": "e62e",
      "unicode_decimal": 58926
    },
    {
      "icon_id": "22453665",
      "name": "TODO_INFO",
      "font_class": "todo-logo",
      "unicode": "e9cb",
      "unicode_decimal": 59851
    },
    {
      "icon_id": "36568155",
      "name": "下",
      "font_class": "arrow-down",
      "unicode": "e9cc",
      "unicode_decimal": 59852
    }
  ]
}
